name,role,company,industry,location,linkedin_bio
Sarah Johnson,VP of Sales,TechCorp Inc,Technology,San Francisco CA,"Experienced sales leader with 10+ years driving B2B SaaS growth. Passionate about leveraging data analytics to optimize sales processes."
Michael Chen,Marketing Manager,FinanceFlow,Finance,New York NY,"Marketing professional specializing in fintech solutions. Focus on customer acquisition and retention strategies."
Emily Rodriguez,CEO,StartupHub,Software,Austin TX,"Serial entrepreneur and startup founder. Building tools that empower small businesses to scale efficiently."
David Kim,Product Lead,HealthTech Solutions,Healthcare,Boston MA,"Product manager with healthcare technology background. Committed to improving patient outcomes through innovative software."
Jennifer Liu,CTO,DataDrive Analytics,Technology,Seattle WA,"Tech executive passionate about machine learning and AI. Leading teams to build scalable data platforms."
Robert Taylor,Sales Associate,RetailMax,Retail,Chicago IL,"Sales professional helping retail brands improve customer experiences. Always learning new sales techniques."
Amanda White,Director of Operations,CloudScale,SaaS,Denver CO,"Operations leader focused on process optimization and team efficiency. Love implementing new technologies to streamline workflows."
James Brown,Founder,ConsultPro,Consulting,Miami FL,"Independent consultant helping B2B companies with growth strategies. Expertise in market expansion and partnership development."
Lisa Anderson,Head of Growth,MarketingAI,Technology,Los Angeles CA,"Growth hacker specializing in AI-powered marketing automation. Track record of scaling startups from seed to Series B."
Thomas Martinez,Account Manager,Enterprise Solutions Ltd,Software,Dallas TX,"Account manager focused on enterprise software solutions. Building long-term relationships with Fortune 500 clients."
